Region,Coffee Type,Cost type,Date,Actual,Budget,
Domestic,Caffeinated,Beans,Jan-07,71776,68975,
European,Caffeinated,Beans,Jan-07,68731.25,73500,
Asian,Caffeinated,Beans,Jan-07,33613.175,28910,
South American,Caffeinated,Beans,Jan-07,44431.25,48100,
Domestic,Caffeinated,Beans,Feb-07,79460.48,72425.3,
European,Caffeinated,Beans,Feb-07,73507.7175,74235,
Asian,Caffeinated,Beans,Feb-07,36958.3105,30358.45,
South American,Caffeinated,Beans,Feb-07,45553.5125,50505,
Domestic,Caffeinated,Beans,Mar-07,83000.7264,76046.1,
European,Caffeinated,Beans,Mar-07,77454.471325,74970,
Asian,Caffeinated,Beans,Mar-07,40126.975113,31874.75,
South American,Caffeinated,Beans,Mar-07,46022.967,53029.6,
Domestic,Caffeinated,Beans,Apr-07,82570.521408,76811.8,
European,Caffeinated,Beans,Apr-07,76465.66110925,75726,
Asian,Caffeinated,Beans,Apr-07,40660.73831775,32261.2,
South American,Caffeinated,Beans,Apr-07,46206.37892,53029.6,
Domestic,Caffeinated,Beans,May-07,85319.01553428,77577.5,
European,Caffeinated,Beans,May-07,80334.086137066,76482,
Asian,Caffeinated,Beans,May-07,43892.9,33874.85,
South American,Caffeinated,Beans,May-07,49596.503117504,53029.6,
Domestic,Caffeinated,Beans,Jun-07,84048.1169109912,76802.5,
European,Caffeinated,Beans,Jun-07,78345.4852745574,77245,
Asian,Caffeinated,Beans,Jun-07,44417.296,34281.95,
South American,Caffeinated,Beans,Jun-07,49662.1679761178,53029.6,
Domestic,Caffeinated,Beans,Jul-07,79926.6906724857,75264.9,
European,Caffeinated,Beans,Jul-07,79851.9812473106,78018.5,
Asian,Caffeinated,Beans,Jul-07,41938.94644,34376.35,
South American,Caffeinated,Beans,Jul-07,44371.0599540258,53029.6,
Domestic,Caffeinated,Beans,Aug-07,75040.8646271324,75264.9,
European,Caffeinated,Beans,Aug-07,81392.6589566412,78799,
Asian,Caffeinated,Beans,Aug-07,42532.7799972,34476.65,
South American,Caffeinated,Beans,Aug-07,43290.050776512,53029.6,
Domestic,Caffeinated,Beans,Sep-07,78186.7099098073,75264.9,
European,Caffeinated,Beans,Sep-07,80844.8361522311,79586.5,
Asian,Caffeinated,Beans,Sep-07,42968.683961772,34579.9,
South American,Caffeinated,Beans,Sep-07,43743.8723041952,53029.6,
Domestic,Caffeinated,Beans,Oct-07,75835.1871260341,76015.1,
European,Caffeinated,Beans,Oct-07,79581.3951384129,80377.5,
Asian,Caffeinated,Beans,Oct-07,42682.3358470374,35016.5,
South American,Caffeinated,Beans,Oct-07,39862.4447551058,54087.8,
Domestic,Caffeinated,Beans,Nov-07,78452.2908021046,76780.8,
European,Caffeinated,Beans,Nov-07,81777.533936374,81179,
Asian,Caffeinated,Beans,Nov-07,45515.9610218361,35461.95,
South American,Caffeinated,Beans,Nov-07,42361.8602500697,55169.4,
Domestic,Caffeinated,Beans,Dec-07,83492.089204397,77546.5,
European,Caffeinated,Beans,Dec-07,86470.1209679734,81994.5,
Asian,Caffeinated,Beans,Dec-07,45126.0889804324,35913.3,
South American,Caffeinated,Beans,Dec-07,45352.9842520456,56269.2,
Domestic,Caffeinated,Processing,Jan-07,28844.98,26700,
European,Caffeinated,Processing,Jan-07,25352.0125,27195,
Asian,Caffeinated,Processing,Jan-07,11973.24475,9751,
South American,Caffeinated,Processing,Jan-07,15106.625,15262.5,
Domestic,Caffeinated,Processing,Feb-07,31933.1804,28035.6,
European,Caffeinated,Processing,Feb-07,27113.846655,27466.95,
Asian,Caffeinated,Processing,Feb-07,13164.805085,10239.545,
South American,Caffeinated,Processing,Feb-07,15488.19425,16025.625,
Domestic,Caffeinated,Processing,Mar-07,33355.916922,29437.2,
European,Caffeinated,Processing,Mar-07,28569.63499445,27738.9,
Asian,Caffeinated,Processing,Mar-07,14293.50527301,10750.975,
South American,Caffeinated,Processing,Mar-07,15647.80878,16826.7,
Domestic,Caffeinated,Processing,Apr-07,33183.02829084,29733.6,
European,Caffeinated,Processing,Apr-07,28204.9052834405,28018.62,
Asian,Caffeinated,Processing,Apr-07,14483.6354076675,10881.32,
South American,Caffeinated,Processing,Apr-07,15710.1688328,16826.7,
Domestic,Caffeinated,Processing,May-07,33248.5618112376,30030,
European,Caffeinated,Processing,May-07,28030.0824872844,28298.34,
Asian,Caffeinated,Processing,May-07,14626.247,11425.585,
South American,Caffeinated,Processing,May-07,15056.081303528,16826.7,
Domestic,Caffeinated,Processing,Jun-07,32753.2964689499,29730,
European,Caffeinated,Processing,Jun-07,27336.2220241766,28580.65,
Asian,Caffeinated,Processing,Jun-07,14800.98928,11562.895,
South American,Caffeinated,Processing,Jun-07,15076.0152784643,16826.7,
Domestic,Caffeinated,Processing,Jul-07,31147.1891529747,29134.8,
European,Caffeinated,Processing,Jul-07,27861.8669703454,28866.845,
Asian,Caffeinated,Processing,Jul-07,13975.1392492,11594.735,
South American,Caffeinated,Processing,Jul-07,13469.7860574721,16826.7,
Domestic,Caffeinated,Processing,Aug-07,29243.197548634,29134.8,
European,Caffeinated,Processing,Aug-07,28399.4385710875,29155.63,
Asian,Caffeinated,Processing,Aug-07,14173.019915196,11628.565,
South American,Caffeinated,Processing,Aug-07,13141.6225571554,16826.7,
Domestic,Caffeinated,Processing,Sep-07,30469.1239224279,29134.8,
European,Caffeinated,Processing,Sep-07,28208.2928304136,29447.005,
Asian,Caffeinated,Processing,Sep-07,14318.274365326,11663.39,
South American,Caffeinated,Processing,Sep-07,13279.3898066307,16826.7,
Domestic,Caffeinated,Processing,Oct-07,30476.2658262749,29425.2,
European,Caffeinated,Processing,Oct-07,29354.1660353403,29739.675,
Asian,Caffeinated,Processing,Oct-07,15203.7423896516,11810.65,
South American,Caffeinated,Processing,Oct-07,13553.231216736,17162.475,
Domestic,Caffeinated,Processing,Nov-07,31528.0143660958,29721.6,
European,Caffeinated,Processing,Nov-07,30164.227517674,30036.23,
Asian,Caffeinated,Processing,Nov-07,16213.0992191575,11960.895,
South American,Caffeinated,Processing,Nov-07,14403.0324850237,17505.675,
Domestic,Caffeinated,Processing,Dec-07,33553.3833490171,30018,
European,Caffeinated,Processing,Dec-07,31895.1217627582,30337.965,
Asian,Caffeinated,Processing,Dec-07,16074.2241092368,12113.13,
South American,Caffeinated,Processing,Dec-07,15420.0146456955,17854.65,
Domestic,Caffeinated,Shipping,Jan-07,33645,33375,
European,Caffeinated,Shipping,Jan-07,31420,34650,
Asian,Caffeinated,Shipping,Jan-07,11445.865625,9653,
South American,Caffeinated,Shipping,Jan-07,13329.375,13505,
Domestic,Caffeinated,Shipping,Feb-07,37247.1,35044.5,
European,Caffeinated,Shipping,Feb-07,33603.528,34996.5,
Asian,Caffeinated,Shipping,Feb-07,12584.9419375,10136.635,
South American,Caffeinated,Shipping,Feb-07,13666.05375,14180.25,
Domestic,Caffeinated,Shipping,Mar-07,38906.5905,36796.5,
European,Caffeinated,Shipping,Mar-07,35407.75832,35343,
Asian,Caffeinated,Shipping,Mar-07,13663.926870375,10642.925,
South American,Caffeinated,Shipping,Mar-07,13806.8901,14889.08,
Domestic,Caffeinated,Shipping,Apr-07,38704.93191,37167,
European,Caffeinated,Shipping,Apr-07,34955.7307928,35699.4,
Asian,Caffeinated,Shipping,Apr-07,13845.6824444063,10771.96,
South American,Caffeinated,Shipping,Apr-07,13861.913676,14889.08,
Domestic,Caffeinated,Shipping,May-07,38781.3706974,37537.5,
European,Caffeinated,Shipping,May-07,34739.064275488,36055.8,
Asian,Caffeinated,Shipping,May-07,13982.0125,11310.755,
South American,Caffeinated,Shipping,May-07,13284.77762076,14889.08,
Domestic,Caffeinated,Shipping,Jun-07,38203.689504996,37162.5,
European,Caffeinated,Shipping,Jun-07,33879.1287673762,36415.5,
Asian,Caffeinated,Shipping,Jun-07,14149.058,11446.685,
South American,Caffeinated,Shipping,Jun-07,13302.3664221744,14889.08,
Domestic,Caffeinated,Shipping,Jul-07,36330.313942039,36418.5,
European,Caffeinated,Shipping,Jul-07,34530.5864853235,36780.15,
Asian,Caffeinated,Shipping,Jul-07,13359.583745,11478.205,
South American,Caffeinated,Shipping,Jul-07,11885.1053448283,14889.08,
Domestic,Caffeinated,Shipping,Aug-07,34109.4839214238,36418.5,
European,Caffeinated,Shipping,Aug-07,35196.8254947638,37148.1,
Asian,Caffeinated,Shipping,Aug-07,13548.74846685,11511.695,
South American,Caffeinated,Shipping,Aug-07,11595.5493151371,14889.08,
Domestic,Caffeinated,Shipping,Sep-07,35539.4135953669,36418.5,
European,Caffeinated,Shipping,Sep-07,34959.9291469107,37519.35,
Asian,Caffeinated,Shipping,Sep-07,13687.6049716935,11546.17,
South American,Caffeinated,Shipping,Sep-07,11717.1086529094,14889.08,
Domestic,Caffeinated,Shipping,Oct-07,35547.7439653285,36781.5,
European,Caffeinated,Shipping,Oct-07,36380.0663489888,37892.25,
Asian,Caffeinated,Shipping,Oct-07,14534.0712582584,11691.95,
South American,Caffeinated,Shipping,Oct-07,11958.7334265318,15186.19,
Domestic,Caffeinated,Shipping,Nov-07,36774.5113134865,37152,
European,Caffeinated,Shipping,Nov-07,37384.015513771,38270.1,
Asian,Caffeinated,Shipping,Nov-07,15498.9694858838,11840.685,
South American,Caffeinated,Shipping,Nov-07,12708.5580750209,15489.87,
Domestic,Caffeinated,Shipping,Dec-07,39136.9168145611,37522.5,
European,Caffeinated,Shipping,Dec-07,39529.1981567878,38654.55,
Asian,Caffeinated,Shipping,Dec-07,15366.2113338541,11991.39,
South American,Caffeinated,Shipping,Dec-07,13605.8952756137,15798.66,
Domestic,Caffeinated,Packaging,Jan-07,11215,10012.5,
European,Caffeinated,Packaging,Jan-07,11782.5,11550,
Asian,Caffeinated,Packaging,Jan-07,5215.8375,3920,
South American,Caffeinated,Packaging,Jan-07,11552.125,10175,
Domestic,Caffeinated,Packaging,Feb-07,12415.7,10513.35,
European,Caffeinated,Packaging,Feb-07,12601.323,11665.5,
Asian,Caffeinated,Packaging,Feb-07,5734.91025,4116.4,
South American,Caffeinated,Packaging,Feb-07,11843.91325,10683.75,
Domestic,Caffeinated,Packaging,Mar-07,12968.8635,11038.95,
European,Caffeinated,Packaging,Mar-07,13277.90937,11781,
Asian,Caffeinated,Packaging,Mar-07,6226.5995865,4322,
South American,Caffeinated,Packaging,Mar-07,11965.97142,11217.8,
Domestic,Caffeinated,Packaging,Apr-07,12901.64397,11150.1,
European,Caffeinated,Packaging,Apr-07,13108.3990473,11899.8,
Asian,Caffeinated,Packaging,Apr-07,6309.424911375,4374.4,
South American,Caffeinated,Packaging,Apr-07,12013.6585192,11217.8,
Domestic,Caffeinated,Packaging,May-07,12927.1235658,11261.25,
European,Caffeinated,Packaging,May-07,13027.149103308,12018.6,
Asian,Caffeinated,Packaging,May-07,6371.55,4593.2,
South American,Caffeinated,Packaging,May-07,11513.473937992,11217.8,
Domestic,Caffeinated,Packaging,Jun-07,12734.563168332,11148.75,
European,Caffeinated,Packaging,Jun-07,12704.6732877661,12138.5,
Asian,Caffeinated,Packaging,Jun-07,6447.672,4648.4,
South American,Caffeinated,Packaging,Jun-07,11528.7175658845,11217.8,
Domestic,Caffeinated,Packaging,Jul-07,12110.1046473463,10925.55,
European,Caffeinated,Packaging,Jul-07,12948.9699319963,12260.05,
Asian,Caffeinated,Packaging,Jul-07,6087.91158,4661.2,
South American,Caffeinated,Packaging,Jul-07,10300.4246321846,11217.8,
Domestic,Caffeinated,Packaging,Aug-07,11369.8279738079,10925.55,
European,Caffeinated,Packaging,Aug-07,13198.8095605364,12382.7,
Asian,Caffeinated,Packaging,Aug-07,6174.1132254,4674.8,
South American,Caffeinated,Packaging,Aug-07,10049.4760731189,11217.8,
Domestic,Caffeinated,Packaging,Sep-07,11846.4711984556,10925.55,
European,Caffeinated,Packaging,Sep-07,13109.9734300915,12506.45,
Asian,Caffeinated,Packaging,Sep-07,6237.389607354,4688.8,
South American,Caffeinated,Packaging,Sep-07,10154.8274991882,11217.8,
Domestic,Caffeinated,Packaging,Oct-07,11849.2479884428,11034.45,
European,Caffeinated,Packaging,Oct-07,13642.5248808708,12630.75,
Asian,Caffeinated,Packaging,Oct-07,6623.1210797127,4748,
South American,Caffeinated,Packaging,Oct-07,10364.2356363275,11441.65,
Domestic,Caffeinated,Packaging,Nov-07,12258.1704378289,11145.6,
European,Caffeinated,Packaging,Nov-07,14019.0058176641,12756.7,
Asian,Caffeinated,Packaging,Nov-07,7062.82153787112,4808.4,
South American,Caffeinated,Packaging,Nov-07,11014.0836650181,11670.45,
Domestic,Caffeinated,Packaging,Dec-07,13045.638938187,11256.75,
European,Caffeinated,Packaging,Dec-07,14823.4493087954,12884.85,
Asian,Caffeinated,Packaging,Dec-07,7002.32415213606,4869.6,
South American,Caffeinated,Packaging,Dec-07,11791.7759055319,11903.1,
Domestic,Decaffeinated,Beans,Jan-07,26224,22847,
European,Decaffeinated,Beans,Jan-07,25931.325,25865,
Asian,Decaffeinated,Beans,Jan-07,19066.775,16343,
South American,Decaffeinated,Beans,Jan-07,13736.25,12090,
Domestic,Decaffeinated,Beans,Feb-07,26512.48,23932,
European,Decaffeinated,Beans,Feb-07,27094.424,26075,
Asian,Decaffeinated,Beans,Feb-07,17869.23102,17110,
South American,Decaffeinated,Beans,Feb-07,14219.38,12636,
Domestic,Decaffeinated,Beans,Mar-07,27374.1872,25110,
European,Decaffeinated,Beans,Mar-07,27197.64915,26390,
Asian,Decaffeinated,Beans,Mar-07,17703.9792528,17995,
South American,Decaffeinated,Beans,Mar-07,14995.88655,13260,
Domestic,Decaffeinated,Beans,Apr-07,28118.856368,26815,
European,Decaffeinated,Beans,Apr-07,28283.91627775,26565,
Asian,Decaffeinated,Beans,Apr-07,19160.424851148,18201.5,
South American,Decaffeinated,Beans,Apr-07,16237.849963,13260,
Domestic,Decaffeinated,Beans,May-07,31382.56561605,27156,
European,Decaffeinated,Beans,May-07,32464.2204874805,30730,
Asian,Decaffeinated,Beans,May-07,22961.9024907191,19086.5,
South American,Decaffeinated,Beans,May-07,19047.9464537712,13260,
Domestic,Decaffeinated,Beans,Jun-07,34035.2876533725,28799,
European,Decaffeinated,Beans,Jun-07,33495.9753521445,31010,
Asian,Decaffeinated,Beans,Jun-07,23310.5925335358,19293,
South American,Decaffeinated,Beans,Jun-07,20061.1179938262,13260,
Domestic,Decaffeinated,Beans,Jul-07,35197.093932759,30070,
European,Decaffeinated,Beans,Jul-07,35349.2702326551,31360,
Asian,Decaffeinated,Beans,Jul-07,21548.5473311416,19352,
South American,Decaffeinated,Beans,Jul-07,16525.8072883287,13260,
Domestic,Decaffeinated,Beans,Aug-07,35807.0075890741,30070,
European,Decaffeinated,Beans,Aug-07,35927.1841837102,31640,
Asian,Decaffeinated,Beans,Aug-07,23139.9627073127,19381.5,
South American,Decaffeinated,Beans,Aug-07,14958.5556381276,13260,
Domestic,Decaffeinated,Beans,Sep-07,34643.9368878677,30070,
European,Decaffeinated,Beans,Sep-07,34598.4241624742,31885,
Asian,Decaffeinated,Beans,Sep-07,22601.8017559701,19440.5,
South American,Decaffeinated,Beans,Sep-07,15177.0977595623,13260,
Domestic,Decaffeinated,Beans,Oct-07,32676.9915637097,28489,
European,Decaffeinated,Beans,Oct-07,30473.2283811911,28245,
Asian,Decaffeinated,Beans,Oct-07,20341.5969830066,19735.5,
South American,Decaffeinated,Beans,Oct-07,13589.885655383,13494,
Domestic,Decaffeinated,Beans,Nov-07,30776.9815449182,26815,
European,Decaffeinated,Beans,Nov-07,28868.9010316965,28560,
Asian,Decaffeinated,Beans,Nov-07,21305.8550616557,19912.5,
South American,Decaffeinated,Beans,Nov-07,14315.5154311341,13780,
Domestic,Decaffeinated,Beans,Dec-07,29472.3090737739,25606,
European,Decaffeinated,Beans,Dec-07,26399.9303759962,28840,
Asian,Decaffeinated,Beans,Dec-07,22386.6049478254,20207.5,
South American,Decaffeinated,Beans,Dec-07,16123.9395250891,14092,
Domestic,Decaffeinated,Processing,Jan-07,13931.5,12160.5,
European,Decaffeinated,Processing,Jan-07,12595.215,12932.5,
Asian,Decaffeinated,Processing,Jan-07,9533.3875,8226.9,
South American,Decaffeinated,Processing,Jan-07,6318.675,4882.5,
Domestic,Decaffeinated,Processing,Feb-07,14084.755,12738,
European,Decaffeinated,Processing,Feb-07,13160.1488,13037.5,
Asian,Decaffeinated,Processing,Feb-07,8934.61551,8613,
South American,Decaffeinated,Processing,Feb-07,6540.9148,5103,
Domestic,Decaffeinated,Processing,Mar-07,14542.53695,13365,
European,Decaffeinated,Processing,Mar-07,13210.28673,13195,
Asian,Decaffeinated,Processing,Mar-07,8851.9896264,9058.5,
South American,Decaffeinated,Processing,Mar-07,6898.107813,5355,
Domestic,Decaffeinated,Processing,Apr-07,14938.1424455,14272.5,
European,Decaffeinated,Processing,Apr-07,13737.90219205,13282.5,
Asian,Decaffeinated,Processing,Apr-07,9580.212425574,9162.45,
South American,Decaffeinated,Processing,Apr-07,7469.41098298,5355,
Domestic,Decaffeinated,Processing,May-07,16166.77622645,14454,
European,Decaffeinated,Processing,May-07,14915.9931969505,15365,
Asian,Decaffeinated,Processing,May-07,10740.2447134009,9607.95,
South American,Decaffeinated,Processing,May-07,7823.2637220846,5355,
Domestic,Decaffeinated,Processing,Jun-07,17533.3300032525,15328.5,
European,Decaffeinated,Processing,Jun-07,15390.0427293637,15505,
Asian,Decaffeinated,Processing,Jun-07,10903.3416689119,9711.9,
South American,Decaffeinated,Processing,Jun-07,8239.38774746434,5355,
Domestic,Decaffeinated,Processing,Jul-07,18131.836268391,16005,
European,Decaffeinated,Processing,Jul-07,16241.5565933821,15680,
Asian,Decaffeinated,Processing,Jul-07,10079.159235534,9741.6,
South American,Decaffeinated,Processing,Jul-07,6787.38513627787,5355,
Domestic,Decaffeinated,Processing,Aug-07,18446.0342125533,16005,
European,Decaffeinated,Processing,Aug-07,16507.084624948,15820,
Asian,Decaffeinated,Processing,Aug-07,10823.530943743,9756.45,
South American,Decaffeinated,Processing,Aug-07,6143.69249423097,5355,
Domestic,Decaffeinated,Processing,Sep-07,17846.8765785985,16005,
European,Decaffeinated,Processing,Sep-07,15896.5732638395,15942.5,
Asian,Decaffeinated,Processing,Sep-07,10571.8104987602,9786.15,
South American,Decaffeinated,Processing,Sep-07,6233.45086553452,5355,
Domestic,Decaffeinated,Processing,Oct-07,17359.6517682208,15163.5,
European,Decaffeinated,Processing,Oct-07,14801.2823565785,14122.5,
Asian,Decaffeinated,Processing,Oct-07,10170.7984915033,9934.65,
South American,Decaffeinated,Processing,Oct-07,6251.34740147618,5449.5,
Domestic,Decaffeinated,Processing,Nov-07,16350.2714457378,14272.5,
European,Decaffeinated,Processing,Nov-07,14022.0376439669,14280,
Asian,Decaffeinated,Processing,Nov-07,10652.9275308279,10023.75,
South American,Decaffeinated,Processing,Nov-07,6585.13709832166,5565,
Domestic,Decaffeinated,Processing,Dec-07,15657.1641954424,13629,
European,Decaffeinated,Processing,Dec-07,12822.8233254839,14420,
Asian,Decaffeinated,Processing,Dec-07,11193.3024739127,10172.25,
South American,Decaffeinated,Processing,Dec-07,7417.01218154101,5691,
Domestic,Decaffeinated,Shipping,Jan-07,12292.5,11055,
European,Decaffeinated,Shipping,Jan-07,11854.32,12193.5,
Asian,Decaffeinated,Shipping,Jan-07,5917.275,5263,
South American,Decaffeinated,Shipping,Jan-07,4120.875,3394.5,
Domestic,Decaffeinated,Shipping,Feb-07,12427.725,11580,
European,Decaffeinated,Shipping,Feb-07,12386.0224,12292.5,
Asian,Decaffeinated,Shipping,Feb-07,5545.62342,5510,
South American,Decaffeinated,Shipping,Feb-07,4265.814,3547.8,
Domestic,Decaffeinated,Shipping,Mar-07,12831.65025,12150,
European,Decaffeinated,Shipping,Mar-07,12433.21104,12441,
Asian,Decaffeinated,Shipping,Mar-07,5494.3383888,5795,
South American,Decaffeinated,Shipping,Mar-07,4498.765965,3723,
Domestic,Decaffeinated,Shipping,Apr-07,13180.7139225,12975,
European,Decaffeinated,Shipping,Apr-07,12929.7902984,12523.5,
Asian,Decaffeinated,Shipping,Apr-07,5946.338746908,5861.5,
South American,Decaffeinated,Shipping,Apr-07,4871.3549889,3723,
Domestic,Decaffeinated,Shipping,May-07,14264.80255275,13140,
European,Decaffeinated,Shipping,May-07,14038.581832424,14487,
Asian,Decaffeinated,Shipping,May-07,6666.35878762812,6146.5,
South American,Decaffeinated,Shipping,May-07,5102.128514403,3723,
Domestic,Decaffeinated,Shipping,Jun-07,15470.5852969875,13935,
European,Decaffeinated,Shipping,Jun-07,14484.7460982246,14619,
Asian,Decaffeinated,Shipping,Jun-07,6767.59138070395,6213,
South American,Decaffeinated,Shipping,Jun-07,5373.51374834631,3723,
Domestic,Decaffeinated,Shipping,Jul-07,15998.679060345,14550,
European,Decaffeinated,Shipping,Jul-07,15286.1709114184,14784,
Asian,Decaffeinated,Shipping,Jul-07,6256.02987033145,6232,
South American,Decaffeinated,Shipping,Jul-07,4426.55552365948,3723,
Domestic,Decaffeinated,Shipping,Aug-07,16275.9125404882,14550,
European,Decaffeinated,Shipping,Aug-07,15536.0796470098,14916,
Asian,Decaffeinated,Shipping,Aug-07,6718.05368921982,6241.5,
South American,Decaffeinated,Shipping,Aug-07,4006.75597449846,3723,
Domestic,Decaffeinated,Shipping,Sep-07,15747.2440399399,14550,
European,Decaffeinated,Shipping,Sep-07,14961.4807189078,15031.5,
Asian,Decaffeinated,Shipping,Sep-07,6561.81341302359,6260.5,
South American,Decaffeinated,Shipping,Sep-07,4065.29404273991,3723,
Domestic,Decaffeinated,Shipping,Oct-07,15317.3397954889,13785,
European,Decaffeinated,Shipping,Oct-07,13930.6186885445,13315.5,
Asian,Decaffeinated,Shipping,Oct-07,6312.9094085193,6355.5,
South American,Decaffeinated,Shipping,Oct-07,4076.9656966149,3788.7,
Domestic,Decaffeinated,Shipping,Nov-07,14426.7100991804,12975,
European,Decaffeinated,Shipping,Nov-07,13197.2119002041,13464,
Asian,Decaffeinated,Shipping,Nov-07,6612.16191568627,6412.5,
South American,Decaffeinated,Shipping,Nov-07,4294.65462934022,3869,
Domestic,Decaffeinated,Shipping,Dec-07,13815.1448783315,12390,
European,Decaffeinated,Shipping,Dec-07,12068.5396004554,13596,
Asian,Decaffeinated,Shipping,Dec-07,6947.56705277341,6507.5,
South American,Decaffeinated,Shipping,Dec-07,4837.18185752674,3956.6,
Domestic,Decaffeinated,Packaging,Jan-07,4097.5,4422,
European,Decaffeinated,Packaging,Jan-07,4593.549,4803.5,
Asian,Decaffeinated,Packaging,Jan-07,3149.30525,2216,
South American,Decaffeinated,Packaging,Jan-07,3571.425,2790,
Domestic,Decaffeinated,Packaging,Feb-07,4142.575,4632,
European,Decaffeinated,Packaging,Feb-07,4799.58368,4842.5,
Asian,Decaffeinated,Packaging,Feb-07,2951.5040202,2320,
South American,Decaffeinated,Packaging,Feb-07,3697.0388,2916,
Domestic,Decaffeinated,Packaging,Mar-07,4277.21675,4860,
European,Decaffeinated,Packaging,Mar-07,4817.869278,4901,
Asian,Decaffeinated,Packaging,Mar-07,2924.208986928,2440,
South American,Decaffeinated,Packaging,Mar-07,3898.930503,3060,
Domestic,Decaffeinated,Packaging,Apr-07,4393.5713075,5190,
European,Decaffeinated,Packaging,Apr-07,5010.29374063,4933.5,
Asian,Decaffeinated,Packaging,Apr-07,3164.77362196548,2468,
South American,Decaffeinated,Packaging,Apr-07,4221.84099038,3060,
Domestic,Decaffeinated,Packaging,May-07,4754.93418425,5256,
European,Decaffeinated,Packaging,May-07,5439.9504600643,5707,
Asian,Decaffeinated,Packaging,May-07,3547.98428808208,2588,
South American,Decaffeinated,Packaging,May-07,4421.8447124826,3060,
Domestic,Decaffeinated,Packaging,Jun-07,5156.8617656625,5574,
European,Decaffeinated,Packaging,Jun-07,5612.83911306205,5759,
Asian,Decaffeinated,Packaging,Jun-07,3601.86252373021,2616,
South American,Decaffeinated,Packaging,Jun-07,4657.0452485668,3060,
Domestic,Decaffeinated,Packaging,Jul-07,5332.893020115,5820,
European,Decaffeinated,Packaging,Jul-07,5923.39122817465,5824,
Asian,Decaffeinated,Packaging,Jul-07,3329.5981198764,2624,
South American,Decaffeinated,Packaging,Jul-07,3836.34812050488,3060,
Domestic,Decaffeinated,Packaging,Aug-07,5425.30418016274,5820,
European,Decaffeinated,Packaging,Aug-07,6020.23086321631,5876,
Asian,Decaffeinated,Packaging,Aug-07,3575.49746348477,2628,
South American,Decaffeinated,Packaging,Aug-07,3472.52184456533,3060,
Domestic,Decaffeinated,Packaging,Sep-07,5249.08134664662,5820,
European,Decaffeinated,Packaging,Sep-07,5797.57377857677,5921.5,
Asian,Decaffeinated,Packaging,Sep-07,3492.342916487,2636,
South American,Decaffeinated,Packaging,Sep-07,3523.25483704125,3060,
Domestic,Decaffeinated,Packaging,Oct-07,5105.77993182964,5514,
European,Decaffeinated,Packaging,Oct-07,5398.11474181099,5245.5,
Asian,Decaffeinated,Packaging,Oct-07,3359.87067408972,2676,
South American,Decaffeinated,Packaging,Oct-07,3533.37027039958,3114,
Domestic,Decaffeinated,Packaging,Nov-07,4808.90336639347,5190,
European,Decaffeinated,Packaging,Nov-07,5113.9196113291,5304,
Asian,Decaffeinated,Packaging,Nov-07,3519.13950845969,2700,
South American,Decaffeinated,Packaging,Nov-07,3722.03401209485,3180,
Domestic,Decaffeinated,Packaging,Dec-07,4605.04829277717,4956,
European,Decaffeinated,Packaging,Dec-07,4676.55909517648,5356,
Asian,Decaffeinated,Packaging,Dec-07,3697.64957586496,2740,
South American,Decaffeinated,Packaging,Dec-07,4192.22427652318,3252,
Domestic,Caffeinated,Beans,Jan-08,73929.28,72423.75,
European,Caffeinated,Beans,Jan-08,72855.125,77175,
Asian,Caffeinated,Beans,Jan-08,35293.83375,30355.5,
South American,Caffeinated,Beans,Jan-08,48874.375,50505,
Domestic,Caffeinated,Beans,Feb-08,84228.1088,76046.565,
European,Caffeinated,Beans,Feb-08,75712.949025,77946.75,
Asian,Caffeinated,Beans,Feb-08,39545.392235,31876.3725,
South American,Caffeinated,Beans,Feb-08,47831.188125,53030.25,
Domestic,Caffeinated,Beans,Mar-08,88810.777248,79848.405,
European,Caffeinated,Beans,Mar-08,85199.9184575,78718.5,
Asian,Caffeinated,Beans,Mar-08,43337.13312204,33468.4875,
South American,Caffeinated,Beans,Mar-08,47403.65601,55681.08,
Domestic,Caffeinated,Beans,Apr-08,86699.0474784,80652.39,
European,Caffeinated,Beans,Apr-08,84112.227220175,79512.3,
Asian,Caffeinated,Beans,Apr-08,43100.382616815,33874.26,
South American,Caffeinated,Beans,Apr-08,48054.6340768,55681.08,
Domestic,Caffeinated,Beans,May-08,93850.917087708,81456.375,
European,Caffeinated,Beans,May-08,88367.4947507726,80306.1,
Asian,Caffeinated,Beans,May-08,46965.403,35568.5925,
South American,Caffeinated,Beans,May-08,53564.2233669043,55681.08,
Domestic,Caffeinated,Beans,Jun-08,90771.9662638705,80642.625,
European,Caffeinated,Beans,Jun-08,86180.0338020131,81107.25,
Asian,Caffeinated,Beans,Jun-08,47970.67968,35996.0475,
South American,Caffeinated,Beans,Jun-08,54131.7630939684,55681.08,
Domestic,Caffeinated,Beans,Jul-08,83923.02520611,79028.145,
European,Caffeinated,Beans,Jul-08,83844.5803096761,81919.425,
Asian,Caffeinated,Beans,Jul-08,43197.1148332,36095.1675,
South American,Caffeinated,Beans,Jul-08,46589.6129517271,55681.08,
Domestic,Caffeinated,Beans,Aug-08,82544.9510898456,79028.145,
European,Caffeinated,Beans,Aug-08,88717.9982627389,82738.95,
Asian,Caffeinated,Beans,Aug-08,46360.730196948,36200.4825,
South American,Caffeinated,Beans,Aug-08,46753.2548386329,55681.08,
Domestic,Caffeinated,Beans,Sep-08,80532.3112071015,79028.145,
European,Caffeinated,Beans,Sep-08,88120.8714059319,83565.825,
Asian,Caffeinated,Beans,Sep-08,46406.1786787138,36308.895,
South American,Caffeinated,Beans,Sep-08,46805.9433654888,55681.08,
Domestic,Caffeinated,Beans,Oct-08,78868.5946110755,79815.855,
European,Caffeinated,Beans,Oct-08,84356.2788467177,84396.375,
Asian,Caffeinated,Beans,Oct-08,43962.8059224485,36767.325,
South American,Caffeinated,Beans,Oct-08,41855.5669928611,56792.19,
Domestic,Caffeinated,Processing,Jan-08,29710.3294,28035,
European,Caffeinated,Processing,Jan-08,27126.653375,28554.75,
Asian,Caffeinated,Processing,Jan-08,12931.10433,10238.55,
South American,Caffeinated,Processing,Jan-08,16013.0225,16025.625,
Domestic,Caffeinated,Processing,Feb-08,34487.834832,29437.38,
European,Caffeinated,Processing,Feb-08,29825.2313205,28840.2975,
Asian,Caffeinated,Processing,Feb-08,13559.74923755,10751.52225,
South American,Caffeinated,Processing,Feb-08,16107.72202,16826.90625,
Domestic,Caffeinated,Processing,Mar-08,34690.15359888,30909.06,
European,Caffeinated,Processing,Mar-08,30283.813094117,29125.845,
Asian,Caffeinated,Processing,Mar-08,14865.2454839304,11288.52375,
South American,Caffeinated,Processing,Mar-08,16586.6773068,17668.035,
Domestic,Caffeinated,Processing,Apr-08,35505.8402711988,31220.28,
European,Caffeinated,Processing,Apr-08,29615.1505476125,29419.551,
Asian,Caffeinated,Processing,Apr-08,15352.6535321276,11425.386,
South American,Caffeinated,Processing,Apr-08,16181.473897784,17668.035,
Domestic,Caffeinated,Processing,May-08,35575.9611380242,31531.5,
European,Caffeinated,Processing,May-08,30833.0907360128,29713.257,
Asian,Caffeinated,Processing,May-08,15503.82182,11996.86425,
South American,Caffeinated,Processing,May-08,16260.5678078102,17668.035,
Domestic,Caffeinated,Processing,Jun-08,36028.6261158449,31216.5,
European,Caffeinated,Processing,Jun-08,29249.757565869,30009.6825,
Asian,Caffeinated,Processing,Jun-08,15393.0288512,12141.03975,
South American,Caffeinated,Processing,Jun-08,15679.0558896029,17668.035,
Domestic,Caffeinated,Processing,Jul-08,33950.4361767425,30591.54,
European,Caffeinated,Processing,Jul-08,28697.7229794557,30310.18725,
Asian,Caffeinated,Processing,Jul-08,14953.398996644,12174.47175,
South American,Caffeinated,Processing,Jul-08,13873.8796391963,17668.035,
Domestic,Caffeinated,Processing,Aug-08,30412.9254505794,30591.54,
European,Caffeinated,Processing,Aug-08,31239.3824281963,30613.4115,
Asian,Caffeinated,Processing,Aug-08,15165.1313092597,12209.99325,
South American,Caffeinated,Processing,Aug-08,14192.9523617279,17668.035,
Domestic,Caffeinated,Processing,Sep-08,33211.3450754464,30591.54,
European,Caffeinated,Processing,Sep-08,29618.7074719343,30919.35525,
Asian,Caffeinated,Processing,Sep-08,15463.736314552,12246.5595,
South American,Caffeinated,Processing,Sep-08,14607.3287872937,17668.035,
Domestic,Caffeinated,Processing,Oct-08,32914.3670923769,30896.46,
European,Caffeinated,Processing,Oct-08,30234.7910164005,31226.65875,
Asian,Caffeinated,Processing,Oct-08,16115.9669330307,12401.1825,
South American,Caffeinated,Processing,Oct-08,14366.4250897401,18020.59875,
Domestic,Caffeinated,Processing,Nov-08,33419.6952280616,31207.68,
European,Caffeinated,Processing,Nov-08,31069.1543432042,31538.0415,
Asian,Caffeinated,Processing,Nov-08,17348.0161644985,12558.93975,
South American,Caffeinated,Processing,Nov-08,15411.2447589754,18380.95875,
Domestic,Caffeinated,Processing,Dec-08,36573.1878504286,31518.9,
European,Caffeinated,Processing,Dec-08,33170.9266332685,31854.86325,
Asian,Caffeinated,Processing,Dec-08,16877.9353146986,12718.7865,
South American,Caffeinated,Processing,Dec-08,15882.6150850664,18747.3825,
Domestic,Caffeinated,Shipping,Jan-08,36673.05,35043.75,
European,Caffeinated,Shipping,Jan-08,34247.8,36382.5,
Asian,Caffeinated,Shipping,Jan-08,12132.6175625,10135.65,
South American,Caffeinated,Shipping,Jan-08,13995.84375,14180.25,
Domestic,Caffeinated,Shipping,Feb-08,40599.339,36796.725,
European,Caffeinated,Shipping,Feb-08,36627.84552,36746.325,
Asian,Caffeinated,Shipping,Feb-08,13088.339615,10643.46675,
South American,Caffeinated,Shipping,Feb-08,14076.0353625,14889.2625,
Domestic,Caffeinated,Shipping,Mar-08,42797.24955,38636.325,
European,Caffeinated,Shipping,Mar-08,37178.146236,37110.15,
Asian,Caffeinated,Shipping,Mar-08,14483.7624825975,11175.07125,
South American,Caffeinated,Shipping,Mar-08,14773.372407,15633.534,
Domestic,Caffeinated,Shipping,Apr-08,41027.2278246,39025.35,
European,Caffeinated,Shipping,Apr-08,36004.402716584,37484.37,
Asian,Caffeinated,Shipping,Apr-08,14953.3370399588,11310.558,
South American,Caffeinated,Shipping,Apr-08,15248.1050436,15633.534,
Domestic,Caffeinated,Shipping,May-08,41883.880353192,39414.375,
European,Caffeinated,Shipping,May-08,36823.4081320173,37858.59,
Asian,Caffeinated,Shipping,May-08,14681.113125,11876.29275,
South American,Caffeinated,Shipping,May-08,13816.1687255904,15633.534,
Domestic,Caffeinated,Shipping,Jun-08,39349.8001901459,39020.625,
European,Caffeinated,Shipping,Jun-08,35911.8764934187,38236.275,
Asian,Caffeinated,Shipping,Jun-08,14856.5109,12019.01925,
South American,Caffeinated,Shipping,Jun-08,13701.4374148396,15633.534,
Domestic,Caffeinated,Shipping,Jul-08,37420.2233603001,38239.425,
European,Caffeinated,Shipping,Jul-08,35911.8099447364,38619.1575,
Asian,Caffeinated,Shipping,Jul-08,14428.3504446,12052.11525,
South American,Caffeinated,Shipping,Jul-08,13073.6158793112,15633.534,
Domestic,Caffeinated,Shipping,Aug-08,35132.7684390665,38239.425,
European,Caffeinated,Shipping,Aug-08,38716.5080442401,39005.505,
Asian,Caffeinated,Shipping,Aug-08,14497.1608595295,12087.27975,
South American,Caffeinated,Shipping,Aug-08,12175.326780894,15633.534,
Domestic,Caffeinated,Shipping,Sep-08,38027.1725470426,38239.425,
European,Caffeinated,Shipping,Sep-08,38455.9220616018,39395.3175,
Asian,Caffeinated,Shipping,Sep-08,14508.8612699951,12123.4785,
South American,Caffeinated,Shipping,Sep-08,12654.4773451422,15633.534,
Domestic,Caffeinated,Shipping,Oct-08,36969.6537239416,38620.575,
European,Caffeinated,Shipping,Oct-08,38199.0696664382,39786.8625,
Asian,Caffeinated,Shipping,Oct-08,15696.7969589191,12276.5475,
South American,Caffeinated,Shipping,Oct-08,12317.4954293277,15945.4995,
Domestic,Caffeinated,Shipping,Nov-08,39348.7271054306,39009.6,
European,Caffeinated,Shipping,Nov-08,38505.5359791841,40183.605,
Asian,Caffeinated,Shipping,Nov-08,16893.8767396134,12432.71925,
South American,Caffeinated,Shipping,Nov-08,13725.2427210226,16264.3635,
Domestic,Caffeinated,Shipping,Dec-08,42267.870159726,39398.625,
European,Caffeinated,Shipping,Dec-08,41505.6580646272,40587.2775,
Asian,Caffeinated,Shipping,Dec-08,16288.1840138854,12590.9595,
South American,Caffeinated,Shipping,Dec-08,14014.0721338821,16588.593,
Domestic,Caffeinated,Packaging,Jan-08,11551.45,10513.125,
European,Caffeinated,Packaging,Jan-08,12725.1,12127.5,
Asian,Caffeinated,Packaging,Jan-08,5476.629375,4116,
South American,Caffeinated,Packaging,Jan-08,12707.3375,10683.75,
Domestic,Caffeinated,Packaging,Feb-08,13408.956,11039.0175,
European,Caffeinated,Packaging,Feb-08,13105.37592,12248.775,
Asian,Caffeinated,Packaging,Feb-08,6136.3539675,4322.22,
South American,Caffeinated,Packaging,Feb-08,12672.9871775,11217.9375,
Domestic,Caffeinated,Packaging,Mar-08,13617.306675,11590.8975,
European,Caffeinated,Packaging,Mar-08,13809.0257448,12370.05,
Asian,Caffeinated,Packaging,Mar-08,6849.25954515,4538.1,
South American,Caffeinated,Packaging,Mar-08,12803.5894194,11778.69,
Domestic,Caffeinated,Packaging,Apr-08,13933.7754876,11707.605,
European,Caffeinated,Packaging,Apr-08,13894.902990138,12494.79,
Asian,Caffeinated,Packaging,Apr-08,6940.3674025125,4593.12,
South American,Caffeinated,Packaging,Apr-08,13094.887785928,11778.69,
Domestic,Caffeinated,Packaging,May-08,13961.293451064,11824.3125,
European,Caffeinated,Packaging,May-08,14069.3210315726,12619.53,
Asian,Caffeinated,Packaging,May-08,6562.6965,4822.86,
South American,Caffeinated,Packaging,May-08,12434.5518530314,11778.69,
Domestic,Caffeinated,Packaging,Jun-08,13243.9456950653,11706.1875,
European,Caffeinated,Packaging,Jun-08,13339.9069521544,12745.425,
Asian,Caffeinated,Packaging,Jun-08,6834.53232,4880.82,
South American,Caffeinated,Packaging,Jun-08,12451.0149711552,11778.69,
Domestic,Caffeinated,Packaging,Jul-08,12957.8119726606,11471.8275,
European,Caffeinated,Packaging,Jul-08,13337.4390299562,12873.0525,
Asian,Caffeinated,Packaging,Jul-08,6453.1862748,4894.26,
South American,Caffeinated,Packaging,Jul-08,10918.4501101156,11778.69,
Domestic,Caffeinated,Packaging,Aug-08,12506.8107711887,11471.8275,
European,Caffeinated,Packaging,Aug-08,14122.726229774,13001.835,
Asian,Caffeinated,Packaging,Aug-08,6421.077754416,4908.54,
South American,Caffeinated,Packaging,Aug-08,10350.9603553124,11778.69,
Domestic,Caffeinated,Packaging,Sep-08,12201.8653344093,11471.8275,
European,Caffeinated,Packaging,Sep-08,13634.3723672952,13131.7725,
Asian,Caffeinated,Packaging,Sep-08,6486.88519164816,4923.24,
South American,Caffeinated,Packaging,Sep-08,10865.6654241313,11778.69,
Domestic,Caffeinated,Packaging,Oct-08,12678.6953476338,11586.1725,
European,Caffeinated,Packaging,Oct-08,14051.8006272969,13262.2875,
Asian,Caffeinated,Packaging,Oct-08,6888.04592290121,4985.4,
South American,Caffeinated,Packaging,Oct-08,10986.0897745072,12013.7325,
Domestic,Caffeinated,Packaging,Nov-08,13238.8240728552,11702.88,
European,Caffeinated,Packaging,Nov-08,15280.7163412539,13394.535,
Asian,Caffeinated,Packaging,Nov-08,7627.8472609008,5048.82,
South American,Caffeinated,Packaging,Nov-08,11454.6470116189,12253.9725,
Domestic,Caffeinated,Packaging,Dec-08,13567.4644957145,11819.5875,
European,Caffeinated,Packaging,Dec-08,15564.6217742352,13529.0925,
Asian,Caffeinated,Packaging,Dec-08,7702.55656734966,5113.08,
South American,Caffeinated,Packaging,Dec-08,12970.9534960851,12498.255,
Domestic,Decaffeinated,Beans,Jan-08,27010.72,23989.35,
European,Decaffeinated,Beans,Jan-08,26709.26475,27158.25,
Asian,Decaffeinated,Beans,Jan-08,20973.4525,17160.15,
South American,Decaffeinated,Beans,Jan-08,14148.3375,12694.5,
Domestic,Decaffeinated,Beans,Feb-08,28633.4784,25128.6,
European,Decaffeinated,Beans,Feb-08,29261.97792,27378.75,
Asian,Decaffeinated,Beans,Feb-08,19656.154122,17965.5,
South American,Decaffeinated,Beans,Feb-08,14788.1552,13267.8,
Domestic,Decaffeinated,Beans,Mar-08,28742.89656,26365.5,
European,Decaffeinated,Beans,Mar-08,29645.4375735,27709.5,
Asian,Decaffeinated,Beans,Mar-08,19297.337385552,18894.75,
South American,Decaffeinated,Beans,Mar-08,15895.639743,13923,
Domestic,Decaffeinated,Beans,Apr-08,29805.98775008,28155.75,
European,Decaffeinated,Beans,Apr-08,29132.4337660825,27893.25,
Asian,Decaffeinated,Beans,Apr-08,20310.0503422169,19111.575,
South American,Decaffeinated,Beans,Apr-08,16887.36396152,13923,
Domestic,Decaffeinated,Beans,May-08,33579.3452091735,28513.8,
European,Decaffeinated,Beans,May-08,35386.0003313538,32266.5,
Asian,Decaffeinated,Beans,May-08,25028.4737148838,20040.825,
South American,Decaffeinated,Beans,May-08,20762.2616346106,13923,
Domestic,Decaffeinated,Beans,Jun-08,37438.8164187097,30238.95,
European,Decaffeinated,Beans,Jun-08,36510.6131338375,32560.5,
Asian,Decaffeinated,Beans,Jun-08,25175.4399362187,20257.65,
South American,Decaffeinated,Beans,Jun-08,21064.1738935175,13923,
Domestic,Decaffeinated,Beans,Jul-08,36253.0067507418,31573.5,
European,Decaffeinated,Beans,Jul-08,36409.7483396348,32928,
Asian,Decaffeinated,Beans,Jul-08,22195.0037510759,20319.6,
South American,Decaffeinated,Beans,Jul-08,17682.6137985117,13923,
Domestic,Decaffeinated,Beans,Aug-08,37239.2878926371,31573.5,
European,Decaffeinated,Beans,Aug-08,37723.5433928958,33222,
Asian,Decaffeinated,Beans,Aug-08,24065.5612156052,20350.575,
South American,Decaffeinated,Beans,Aug-08,16304.8256455591,13923,
Domestic,Decaffeinated,Beans,Sep-08,36029.6943633824,31573.5,
European,Decaffeinated,Beans,Sep-08,35636.3768873485,33479.25,
Asian,Decaffeinated,Beans,Sep-08,24183.927878888,20412.525,
South American,Decaffeinated,Beans,Sep-08,16543.0365579229,13923,
Domestic,Decaffeinated,Beans,Oct-08,35944.6907200807,29913.45,
European,Decaffeinated,Beans,Oct-08,31996.8898002506,29657.25,
Asian,Decaffeinated,Beans,Oct-08,22172.3407114772,20722.275,
South American,Decaffeinated,Beans,Oct-08,14405.278794706,14168.7,
Domestic,Decaffeinated,Beans,Nov-08,32008.0608067149,28155.75,
European,Decaffeinated,Beans,Nov-08,31467.1021245492,29988,
Asian,Decaffeinated,Beans,Nov-08,23436.4405678213,20908.125,
South American,Decaffeinated,Beans,Nov-08,15603.9118199361,14469,
Domestic,Decaffeinated,Beans,Dec-08,31240.6476182003,26886.3,
European,Decaffeinated,Beans,Dec-08,27455.9275910361,30282,
Asian,Decaffeinated,Beans,Dec-08,24401.3993931297,21217.875,
South American,Decaffeinated,Beans,Dec-08,17413.8546870963,14796.6,
Domestic,Decaffeinated,Processing,Jan-08,14488.76,12768.525,
European,Decaffeinated,Processing,Jan-08,13854.7365,13579.125,
Asian,Decaffeinated,Processing,Jan-08,10391.392375,8638.245,
South American,Decaffeinated,Processing,Jan-08,6887.35575,5126.625,
Domestic,Decaffeinated,Processing,Feb-08,14929.8403,13374.9,
European,Decaffeinated,Processing,Feb-08,14212.960704,13689.375,
Asian,Decaffeinated,Processing,Feb-08,9292.0001304,9043.65,
South American,Decaffeinated,Processing,Feb-08,7064.187984,5358.15,
Domestic,Decaffeinated,Processing,Mar-08,15851.3652755,14033.25,
European,Decaffeinated,Processing,Mar-08,14267.1096684,13854.75,
Asian,Decaffeinated,Processing,Mar-08,9294.58910772,9511.425,
South American,Decaffeinated,Processing,Mar-08,7243.01320365,5622.75,
Domestic,Decaffeinated,Processing,Apr-08,15983.812416685,14986.125,
European,Decaffeinated,Processing,Apr-08,15111.692411255,13946.625,
Asian,Decaffeinated,Processing,Apr-08,10442.4315438757,9620.5725,
South American,Decaffeinated,Processing,Apr-08,7917.5756419588,5622.75,
Domestic,Decaffeinated,Processing,May-08,17136.782800037,15176.7,
European,Decaffeinated,Processing,May-08,16258.432584676,16133.25,
Asian,Decaffeinated,Processing,May-08,11062.4520548029,10088.3475,
South American,Decaffeinated,Processing,May-08,8527.35745707221,5622.75,
Domestic,Decaffeinated,Processing,Jun-08,18059.3299033501,16094.925,
European,Decaffeinated,Processing,Jun-08,15851.7440112446,16280.25,
Asian,Decaffeinated,Processing,Jun-08,11339.4753356684,10197.495,
South American,Decaffeinated,Processing,Jun-08,8898.53876726149,5622.75,
Domestic,Decaffeinated,Processing,Jul-08,18675.7913564427,16805.25,
European,Decaffeinated,Processing,Jul-08,17865.7122527203,16464,
Asian,Decaffeinated,Processing,Jul-08,10381.5340126,10228.68,
South American,Decaffeinated,Processing,Jul-08,7330.3759471801,5622.75,
Domestic,Decaffeinated,Processing,Aug-08,20290.6376338086,16805.25,
European,Decaffeinated,Processing,Aug-08,17167.3680099459,16611,
Asian,Decaffeinated,Processing,Aug-08,11148.2368720553,10244.2725,
South American,Decaffeinated,Processing,Aug-08,6758.06174365407,5622.75,
Domestic,Decaffeinated,Processing,Sep-08,18560.7516417425,16805.25,
European,Decaffeinated,Processing,Sep-08,17009.3333923083,16739.625,
Asian,Decaffeinated,Processing,Sep-08,10888.964813723,10275.4575,
South American,Decaffeinated,Processing,Sep-08,6794.46144343263,5622.75,
Domestic,Decaffeinated,Processing,Oct-08,19095.6169450429,15921.675,
European,Decaffeinated,Processing,Oct-08,15541.3464744075,14828.625,
Asian,Decaffeinated,Processing,Oct-08,10679.3384160785,10431.3825,
South American,Decaffeinated,Processing,Oct-08,6813.96866760903,5721.975,
Domestic,Decaffeinated,Processing,Nov-08,17658.2931613968,14986.125,
European,Decaffeinated,Processing,Nov-08,14723.1395261652,14994,
Asian,Decaffeinated,Processing,Nov-08,11185.5739073693,10524.9375,
South American,Decaffeinated,Processing,Nov-08,7046.09669520418,5843.25,
Domestic,Decaffeinated,Processing,Dec-08,17066.3089730322,14310.45,
European,Decaffeinated,Processing,Dec-08,13976.8774247774,15141,
Asian,Decaffeinated,Processing,Dec-08,12088.7666718257,10680.8625,
South American,Decaffeinated,Processing,Dec-08,7713.69266880265,5975.55,
Domestic,Decaffeinated,Shipping,Jan-08,12784.2,11607.75,
European,Decaffeinated,Shipping,Jan-08,12209.9496,12803.175,
Asian,Decaffeinated,Shipping,Jan-08,6390.657,5526.15,
South American,Decaffeinated,Shipping,Jan-08,4244.50125,3564.225,
Domestic,Decaffeinated,Shipping,Feb-08,13421.943,12159,
European,Decaffeinated,Shipping,Feb-08,13624.62464,12907.125,
Asian,Decaffeinated,Shipping,Feb-08,5711.9921226,5785.5,
South American,Decaffeinated,Shipping,Feb-08,4692.3954,3725.19,
Domestic,Decaffeinated,Shipping,Mar-08,13344.91626,12757.5,
European,Decaffeinated,Shipping,Mar-08,12806.2073712,13063.05,
Asian,Decaffeinated,Shipping,Mar-08,5823.998692128,6084.75,
South American,Decaffeinated,Shipping,Mar-08,4903.65490185,3909.15,
Domestic,Decaffeinated,Shipping,Apr-08,14498.78531475,13623.75,
European,Decaffeinated,Shipping,Apr-08,13705.577716304,13149.675,
Asian,Decaffeinated,Shipping,Apr-08,6422.04584666064,6154.575,
South American,Decaffeinated,Shipping,Apr-08,5261.063388012,3909.15,
Domestic,Decaffeinated,Shipping,May-08,15691.282808025,13797,
European,Decaffeinated,Shipping,May-08,15302.0541973422,15211.35,
Asian,Decaffeinated,Shipping,May-08,7332.99466639093,6453.825,
South American,Decaffeinated,Shipping,May-08,5255.19236983509,3909.15,
Domestic,Decaffeinated,Shipping,Jun-08,15934.7028558971,14631.75,
European,Decaffeinated,Shipping,Jun-08,15643.5257860826,15349.95,
Asian,Decaffeinated,Shipping,Jun-08,7105.97094973915,6523.65,
South American,Decaffeinated,Shipping,Jun-08,5534.7191607967,3909.15,
Domestic,Decaffeinated,Shipping,Jul-08,16638.6262227588,15277.5,
European,Decaffeinated,Shipping,Jul-08,16050.4794569894,15523.2,
Asian,Decaffeinated,Shipping,Jul-08,6568.83136384802,6543.6,
South American,Decaffeinated,Shipping,Jul-08,4647.88329984245,3909.15,
Domestic,Decaffeinated,Shipping,Aug-08,16926.9490421077,15277.5,
European,Decaffeinated,Shipping,Aug-08,16934.3268152407,15661.8,
Asian,Decaffeinated,Shipping,Aug-08,7121.13691057301,6553.575,
South American,Decaffeinated,Shipping,Aug-08,4367.36401220332,3909.15,
Domestic,Decaffeinated,Shipping,Sep-08,17007.0235631351,15277.5,
European,Decaffeinated,Shipping,Sep-08,15559.9399476641,15783.075,
Asian,Decaffeinated,Shipping,Sep-08,6758.6678154143,6573.525,
South American,Decaffeinated,Shipping,Sep-08,4431.1705065865,3909.15,
Domestic,Decaffeinated,Shipping,Oct-08,16849.0737750378,14474.25,
European,Decaffeinated,Shipping,Oct-08,14905.7619967426,13981.275,
Asian,Decaffeinated,Shipping,Oct-08,6754.81306711565,6673.275,
South American,Decaffeinated,Shipping,Oct-08,4443.89260931024,3978.135,
Domestic,Decaffeinated,Shipping,Nov-08,15003.7785031476,13623.75,
European,Decaffeinated,Shipping,Nov-08,13725.1003762123,14137.2,
Asian,Decaffeinated,Shipping,Nov-08,7273.37810725489,6733.125,
South American,Decaffeinated,Shipping,Nov-08,4509.38736080723,4062.45,
Domestic,Decaffeinated,Shipping,Dec-08,14782.2050198147,13009.5,
European,Decaffeinated,Shipping,Dec-08,12792.6519764828,14275.8,
Asian,Decaffeinated,Shipping,Dec-08,7572.84808752302,6832.875,
South American,Decaffeinated,Shipping,Dec-08,5079.04095040308,4154.43,
Domestic,Decaffeinated,Packaging,Jan-08,4343.35,4643.1,
European,Decaffeinated,Packaging,Jan-08,5052.9039,5043.675,
Asian,Decaffeinated,Packaging,Jan-08,3464.235775,2326.8,
South American,Decaffeinated,Packaging,Jan-08,3714.282,2929.5,
Domestic,Decaffeinated,Packaging,Feb-08,4556.8325,4863.6,
European,Decaffeinated,Packaging,Feb-08,5183.5503744,5084.625,
Asian,Decaffeinated,Packaging,Feb-08,3246.65442222,2436,
South American,Decaffeinated,Packaging,Feb-08,3955.831516,3061.8,
Domestic,Decaffeinated,Packaging,Mar-08,4405.5332525,5103,
European,Decaffeinated,Packaging,Mar-08,5299.6562058,5146.05,
Asian,Decaffeinated,Packaging,Mar-08,3128.90361601296,2562,
South American,Decaffeinated,Packaging,Mar-08,4054.88772312,3213,
Domestic,Decaffeinated,Packaging,Apr-08,4525.378446725,5449.5,
European,Decaffeinated,Packaging,Apr-08,5310.9113650678,5180.175,
Asian,Decaffeinated,Packaging,Apr-08,3323.01230306375,2591.4,
South American,Decaffeinated,Packaging,Apr-08,4348.4962200914,3213,
Domestic,Decaffeinated,Packaging,May-08,5182.8782608325,5518.8,
European,Decaffeinated,Packaging,May-08,5766.34748766816,5992.35,
Asian,Decaffeinated,Packaging,May-08,3831.82303112864,2717.4,
South American,Decaffeinated,Packaging,May-08,4864.02918373086,3213,
Domestic,Decaffeinated,Packaging,Jun-08,5672.54794222875,5852.7,
European,Decaffeinated,Packaging,Jun-08,6117.99463323763,6046.95,
Asian,Decaffeinated,Packaging,Jun-08,3853.99290039133,2746.8,
South American,Decaffeinated,Packaging,Jun-08,5122.74977342348,3213,
Domestic,Decaffeinated,Packaging,Jul-08,5492.87981071845,6111,
European,Decaffeinated,Packaging,Jul-08,6219.56078958338,6115.2,
Asian,Decaffeinated,Packaging,Jul-08,3595.96596946652,2755.2,
South American,Decaffeinated,Packaging,Jul-08,4181.61945135032,3213,
Domestic,Decaffeinated,Packaging,Aug-08,5588.06330556762,6111,
European,Decaffeinated,Packaging,Aug-08,6622.25394953794,6169.8,
Asian,Decaffeinated,Packaging,Aug-08,3790.02731129386,2759.4,
South American,Decaffeinated,Packaging,Aug-08,3750.32359213056,3213,
Domestic,Decaffeinated,Packaging,Sep-08,5773.98948131129,6111,
European,Decaffeinated,Packaging,Sep-08,6203.40394307714,6217.575,
Asian,Decaffeinated,Packaging,Sep-08,3771.73034980596,2767.8,
South American,Decaffeinated,Packaging,Sep-08,3805.11522400455,3213,
Domestic,Decaffeinated,Packaging,Oct-08,5616.3579250126,5789.7,
European,Decaffeinated,Packaging,Oct-08,5722.00162631965,5507.775,
Asian,Decaffeinated,Packaging,Oct-08,3561.4629145351,2809.8,
South American,Decaffeinated,Packaging,Oct-08,3710.03878391956,3269.7,